{
  "num_episodes": 130,
  "mean_episode_return": 7.834109565386405,
  "mean_episode_length_s": 18.625846153846155,
  "success_rate": 0.9076923076923077,
  "failure_rate": 0.09230769230769231,
  "mean_lin_vel_error": 0.6315496007204056,
  "mean_ang_vel_error": 0.5998289311528205,
  "per_term_rewards": {
    "track_lin_vel_xy_exp": 0.29082917016744614,
    "track_ang_vel_z_exp": 0.21471026985254138,
    "lin_vel_z_l2": -0.01557935252581774,
    "ang_vel_xy_l2": -0.012488401016913486,
    "dof_torques_l2": -0.04672911690571346,
    "dof_acc_l2": -0.004460378740938267,
    "action_rate_l2": -0.004111006066195783,
    "feet_air_time": -0.0022648550910525957,
    "flat_orientation_l2": 0.0,
    "dof_pos_limits": 0.0
  },
  "slew_saturation_pct": 0.3907734746186543
}