{
  "num_episodes": 128,
  "mean_episode_return": 5.975973120366689,
  "mean_episode_length_s": 15.12125,
  "success_rate": 0.71875,
  "failure_rate": 0.28125,
  "mean_lin_vel_error": 0.6243913813530217,
  "mean_ang_vel_error": 0.5762037155231203,
  "per_term_rewards": {
    "track_lin_vel_xy_exp": 0.3011194663863605,
    "track_ang_vel_z_exp": 0.20100951122734087,
    "lin_vel_z_l2": -0.021384761674840436,
    "ang_vel_xy_l2": -0.01872114341032771,
    "dof_torques_l2": -0.05298642222560799,
    "dof_acc_l2": -0.00400224681627071,
    "action_rate_l2": -0.002733836479668274,
    "feet_air_time": -0.0019388603668625275,
    "flat_orientation_l2": 0.0,
    "dof_pos_limits": 0.0
  },
  "slew_saturation_pct": 0.26999043497051
}