{
  "num_episodes": 134,
  "mean_episode_return": 7.296414237858644,
  "mean_episode_length_s": 18.614925373134326,
  "success_rate": 0.9104477611940298,
  "failure_rate": 0.08955223880597014,
  "mean_lin_vel_error": 0.6379683641195297,
  "mean_ang_vel_error": 0.5844401848092675,
  "per_term_rewards": {
    "track_lin_vel_xy_exp": 0.27483549497649074,
    "track_ang_vel_z_exp": 0.19870000315085054,
    "lin_vel_z_l2": -0.015159540553183973,
    "ang_vel_xy_l2": -0.009286192954506988,
    "dof_torques_l2": -0.050542067848378794,
    "dof_acc_l2": -0.003036918970138913,
    "action_rate_l2": -0.0032103709176127945,
    "feet_air_time": -0.0014196896915091202,
    "flat_orientation_l2": 0.0,
    "dof_pos_limits": 0.0
  },
  "slew_saturation_pct": 0.32379188547136745
}