{
  "num_episodes": 139,
  "mean_episode_return": 6.68186270681431,
  "mean_episode_length_s": 17.45251798561151,
  "success_rate": 0.841726618705036,
  "failure_rate": 0.15827338129496402,
  "mean_lin_vel_error": 0.6274764952287077,
  "mean_ang_vel_error": 0.6661780948117375,
  "per_term_rewards": {
    "track_lin_vel_xy_exp": 0.29859597013518213,
    "track_ang_vel_z_exp": 0.19543676880933344,
    "lin_vel_z_l2": -0.015373552934995132,
    "ang_vel_xy_l2": -0.0239029969140247,
    "dof_torques_l2": -0.04980950730363838,
    "dof_acc_l2": -0.0064821458837686806,
    "action_rate_l2": -0.011674870323179988,
    "feet_air_time": -0.0034186270965728908,
    "flat_orientation_l2": 0.0,
    "dof_pos_limits": 0.0
  },
  "slew_saturation_pct": 0.7075102108860545
}