{
  "num_episodes": 128,
  "mean_episode_return": 7.823077064706013,
  "mean_episode_length_s": 20.0,
  "success_rate": 1.0,
  "failure_rate": 0.0,
  "mean_lin_vel_error": 0.6102432703375816,
  "mean_ang_vel_error": 0.6491632396355271,
  "per_term_rewards": {
    "track_lin_vel_xy_exp": 0.3056748870499432,
    "track_ang_vel_z_exp": 0.1704883425310254,
    "lin_vel_z_l2": -0.009943461137014425,
    "ang_vel_xy_l2": -0.008368084537419235,
    "dof_torques_l2": -0.05529814962268574,
    "dof_acc_l2": -0.0028401566690661184,
    "action_rate_l2": -0.006644919740060592,
    "feet_air_time": -0.0019145342154079116,
    "flat_orientation_l2": 0.0,
    "dof_pos_limits": 0.0
  },
  "slew_saturation_pct": 0.6575901787946994
}