{
  "num_episodes": 139,
  "mean_episode_return": 7.643159060169467,
  "mean_episode_length_s": 17.98230215827338,
  "success_rate": 0.8561151079136691,
  "failure_rate": 0.14388489208633093,
  "mean_lin_vel_error": 0.6234719183593989,
  "mean_ang_vel_error": 0.5678883551433682,
  "per_term_rewards": {
    "track_lin_vel_xy_exp": 0.3040454520769417,
    "track_ang_vel_z_exp": 0.20211838977970184,
    "lin_vel_z_l2": -0.014386209644242315,
    "ang_vel_xy_l2": -0.009984113792434073,
    "dof_torques_l2": -0.05032905456679873,
    "dof_acc_l2": -0.0024419283196921242,
    "action_rate_l2": -0.002309443851632965,
    "feet_air_time": -0.0013359369725803845,
    "flat_orientation_l2": 0.0,
    "dof_pos_limits": 0.0
  },
  "slew_saturation_pct": 0.3316356432858211
}