{
  "num_episodes": 128,
  "mean_episode_return": 8.6781813534908,
  "mean_episode_length_s": 19.603125,
  "success_rate": 0.953125,
  "failure_rate": 0.046875,
  "mean_lin_vel_error": 0.6207478168159724,
  "mean_ang_vel_error": 0.5824498121291399,
  "per_term_rewards": {
    "track_lin_vel_xy_exp": 0.2997840615399182,
    "track_ang_vel_z_exp": 0.22659072190709412,
    "lin_vel_z_l2": -0.015061284250034078,
    "ang_vel_xy_l2": -0.011443839197010674,
    "dof_torques_l2": -0.04799425638176035,
    "dof_acc_l2": -0.004342753523248575,
    "action_rate_l2": -0.004217278207443368,
    "feet_air_time": -0.001964869750197977,
    "flat_orientation_l2": 0.0,
    "dof_pos_limits": 0.0
  },
  "slew_saturation_pct": 0.3267809139784953
}