{
  "num_episodes": 132,
  "mean_episode_return": 7.750697621313686,
  "mean_episode_length_s": 19.124848484848485,
  "success_rate": 0.9166666666666666,
  "failure_rate": 0.08333333333333333,
  "mean_lin_vel_error": 0.6226795427799224,
  "mean_ang_vel_error": 0.6000981666743755,
  "per_term_rewards": {
    "track_lin_vel_xy_exp": 0.3005480355732143,
    "track_ang_vel_z_exp": 0.1875409837067127,
    "lin_vel_z_l2": -0.015024293906725631,
    "ang_vel_xy_l2": -0.008078456369761625,
    "dof_torques_l2": -0.05066841698938515,
    "dof_acc_l2": -0.002449961112492474,
    "action_rate_l2": -0.0022301343493370727,
    "feet_air_time": -0.001212343918858096,
    "flat_orientation_l2": 0.0,
    "dof_pos_limits": 0.0
  },
  "slew_saturation_pct": 0.2671716106109863
}