{
  "num_episodes": 128,
  "mean_episode_return": 7.65627151587978,
  "mean_episode_length_s": 20.0,
  "success_rate": 1.0,
  "failure_rate": 0.0,
  "mean_lin_vel_error": 0.6099589474946261,
  "mean_ang_vel_error": 0.657099854953587,
  "per_term_rewards": {
    "track_lin_vel_xy_exp": 0.3056235601790249,
    "track_ang_vel_z_exp": 0.1658887245990336,
    "lin_vel_z_l2": -0.009098031965187374,
    "ang_vel_xy_l2": -0.0081607278600668,
    "dof_torques_l2": -0.06216166418424109,
    "dof_acc_l2": -0.0029196300823412,
    "action_rate_l2": -0.005165386552844498,
    "feet_air_time": -0.0011932820318907033,
    "flat_orientation_l2": 0.0,
    "dof_pos_limits": 0.0
  },
  "slew_saturation_pct": 0.7337817527298487
}