{
  "num_episodes": 128,
  "mean_episode_return": 8.387581318733282,
  "mean_episode_length_s": 19.33453125,
  "success_rate": 0.9609375,
  "failure_rate": 0.0390625,
  "mean_lin_vel_error": 0.6177272231802344,
  "mean_ang_vel_error": 0.612418816126883,
  "per_term_rewards": {
    "track_lin_vel_xy_exp": 0.3120688201971352,
    "track_ang_vel_z_exp": 0.22524516393058003,
    "lin_vel_z_l2": -0.012574081771970669,
    "ang_vel_xy_l2": -0.019956950236140983,
    "dof_torques_l2": -0.048701375530508816,
    "dof_acc_l2": -0.0059256372497548,
    "action_rate_l2": -0.0150518250620853,
    "feet_air_time": -0.0029919187927152963,
    "flat_orientation_l2": 0.0,
    "dof_pos_limits": 0.0
  },
  "slew_saturation_pct": 0.7006901464949569
}