{
  "num_episodes": 140,
  "mean_episode_return": 7.83321105598339,
  "mean_episode_length_s": 17.435285714285715,
  "success_rate": 0.8214285714285714,
  "failure_rate": 0.17857142857142858,
  "mean_lin_vel_error": 0.586914765253663,
  "mean_ang_vel_error": 0.5852094026505947,
  "per_term_rewards": {
    "track_lin_vel_xy_exp": 0.33977425350993873,
    "track_ang_vel_z_exp": 0.20050500557385384,
    "lin_vel_z_l2": -0.016358980512353467,
    "ang_vel_xy_l2": -0.011659413169261825,
    "dof_torques_l2": -0.054102992604253816,
    "dof_acc_l2": -0.0026785187268628763,
    "action_rate_l2": -0.002477229661617056,
    "feet_air_time": -0.0013175027079414575,
    "flat_orientation_l2": 0.0,
    "dof_pos_limits": 0.0
  },
  "slew_saturation_pct": 0.29150321434525284
}