{
  "num_episodes": 128,
  "mean_episode_return": 8.575672686332837,
  "mean_episode_length_s": 19.3715625,
  "success_rate": 0.953125,
  "failure_rate": 0.046875,
  "mean_lin_vel_error": 0.6168395542353392,
  "mean_ang_vel_error": 0.5935969962999225,
  "per_term_rewards": {
    "track_lin_vel_xy_exp": 0.31296701899543405,
    "track_ang_vel_z_exp": 0.23013801020942629,
    "lin_vel_z_l2": -0.020424932982909014,
    "ang_vel_xy_l2": -0.012687384943084908,
    "dof_torques_l2": -0.050147817980032414,
    "dof_acc_l2": -0.0045899651330801134,
    "action_rate_l2": -0.005672960795995379,
    "feet_air_time": -0.0025273705455474554,
    "flat_orientation_l2": 0.0,
    "dof_pos_limits": 0.0
  },
  "slew_saturation_pct": 0.38345263399183205
}