{
  "num_episodes": 135,
  "mean_episode_return": 8.182207604690834,
  "mean_episode_length_s": 18.543555555555557,
  "success_rate": 0.8888888888888888,
  "failure_rate": 0.1111111111111111,
  "mean_lin_vel_error": 0.6050678108930587,
  "mean_ang_vel_error": 0.5596695181801915,
  "per_term_rewards": {
    "track_lin_vel_xy_exp": 0.3167465483993292,
    "track_ang_vel_z_exp": 0.20856849405542016,
    "lin_vel_z_l2": -0.014822559156016041,
    "ang_vel_xy_l2": -0.009156520781423752,
    "dof_torques_l2": -0.05247207315918058,
    "dof_acc_l2": -0.0027467429851332098,
    "action_rate_l2": -0.002457913744625748,
    "feet_air_time": -0.0010406287470832467,
    "flat_orientation_l2": 0.0,
    "dof_pos_limits": 0.0
  },
  "slew_saturation_pct": 0.30688336146536643
}