{
  "num_episodes": 134,
  "mean_episode_return": 7.437750616180363,
  "mean_episode_length_s": 18.57776119402985,
  "success_rate": 0.9029850746268657,
  "failure_rate": 0.09701492537313433,
  "mean_lin_vel_error": 0.6466471808254719,
  "mean_ang_vel_error": 0.568591737344861,
  "per_term_rewards": {
    "track_lin_vel_xy_exp": 0.27770108744874594,
    "track_ang_vel_z_exp": 0.20146280055120588,
    "lin_vel_z_l2": -0.013887958622124727,
    "ang_vel_xy_l2": -0.007515045602620375,
    "dof_torques_l2": -0.049897177436971106,
    "dof_acc_l2": -0.0024894228853708,
    "action_rate_l2": -0.0021103930686666547,
    "feet_air_time": -0.001395314026158303,
    "flat_orientation_l2": 0.0,
    "dof_pos_limits": 0.0
  },
  "slew_saturation_pct": 0.3122505886888382
}