{
  "num_episodes": 130,
  "mean_episode_return": 7.982132054664768,
  "mean_episode_length_s": 18.864,
  "success_rate": 0.9230769230769231,
  "failure_rate": 0.07692307692307693,
  "mean_lin_vel_error": 0.618804654404521,
  "mean_ang_vel_error": 0.6396389869004488,
  "per_term_rewards": {
    "track_lin_vel_xy_exp": 0.3043708360418677,
    "track_ang_vel_z_exp": 0.21054571413621306,
    "lin_vel_z_l2": -0.015227651102736672,
    "ang_vel_xy_l2": -0.014537767816975248,
    "dof_torques_l2": -0.04953350251633674,
    "dof_acc_l2": -0.005209536296923034,
    "action_rate_l2": -0.004766811481733565,
    "feet_air_time": -0.002722216359747108,
    "flat_orientation_l2": 0.0,
    "dof_pos_limits": 0.0
  },
  "slew_saturation_pct": 0.37714506751687965
}