{
  "num_episodes": 131,
  "mean_episode_return": 8.327710639031334,
  "mean_episode_length_s": 19.26381679389313,
  "success_rate": 0.9389312977099237,
  "failure_rate": 0.061068702290076333,
  "mean_lin_vel_error": 0.6085120707154273,
  "mean_ang_vel_error": 0.6034323115125299,
  "per_term_rewards": {
    "track_lin_vel_xy_exp": 0.32126223027333617,
    "track_ang_vel_z_exp": 0.18818977025151254,
    "lin_vel_z_l2": -0.012918955130532367,
    "ang_vel_xy_l2": -0.007966109269573281,
    "dof_torques_l2": -0.05163057773141191,
    "dof_acc_l2": -0.00296349783261644,
    "action_rate_l2": -0.0023418855783541065,
    "feet_air_time": -0.0015084405060624704,
    "flat_orientation_l2": 0.0,
    "dof_pos_limits": 0.0
  },
  "slew_saturation_pct": 0.2976929128115368
}