{
  "num_episodes": 130,
  "mean_episode_return": 8.496385521900196,
  "mean_episode_length_s": 18.992615384615384,
  "success_rate": 0.9230769230769231,
  "failure_rate": 0.07692307692307693,
  "mean_lin_vel_error": 0.6224769807457924,
  "mean_ang_vel_error": 0.5737859628871084,
  "per_term_rewards": {
    "track_lin_vel_xy_exp": 0.2964568987898529,
    "track_ang_vel_z_exp": 0.2354256700705737,
    "lin_vel_z_l2": -0.015601450288230808,
    "ang_vel_xy_l2": -0.014074213543412043,
    "dof_torques_l2": -0.04466219719382934,
    "dof_acc_l2": -0.0050385837795038245,
    "action_rate_l2": -0.004609802446141074,
    "feet_air_time": -0.002557678752593347,
    "flat_orientation_l2": 0.0,
    "dof_pos_limits": 0.0
  },
  "slew_saturation_pct": 0.3562733131199462
}