{
  "num_episodes": 138,
  "mean_episode_return": 7.022664014735947,
  "mean_episode_length_s": 17.695942028985506,
  "success_rate": 0.8478260869565217,
  "failure_rate": 0.15217391304347827,
  "mean_lin_vel_error": 0.6333955357074738,
  "mean_ang_vel_error": 0.6074847503975034,
  "per_term_rewards": {
    "track_lin_vel_xy_exp": 0.28207285787910225,
    "track_ang_vel_z_exp": 0.19014563758857547,
    "lin_vel_z_l2": -0.01612582399209927,
    "ang_vel_xy_l2": -0.010448832947049595,
    "dof_torques_l2": -0.04918874349468388,
    "dof_acc_l2": -0.0029182924031863422,
    "action_rate_l2": -0.0025452443789926757,
    "feet_air_time": -0.0015132815344259143,
    "flat_orientation_l2": 0.0,
    "dof_pos_limits": 0.0
  },
  "slew_saturation_pct": 0.29977806951737956
}