{
  "num_episodes": 129,
  "mean_episode_return": 8.25335135478382,
  "mean_episode_length_s": 19.421705426356585,
  "success_rate": 0.9534883720930233,
  "failure_rate": 0.046511627906976744,
  "mean_lin_vel_error": 0.6285726196318865,
  "mean_ang_vel_error": 0.5980871013104916,
  "per_term_rewards": {
    "track_lin_vel_xy_exp": 0.29476596381142733,
    "track_ang_vel_z_exp": 0.21685060672834516,
    "lin_vel_z_l2": -0.01498331295090793,
    "ang_vel_xy_l2": -0.011527126168512042,
    "dof_torques_l2": -0.04644370190438349,
    "dof_acc_l2": -0.004570016312411098,
    "action_rate_l2": -0.004559752229584315,
    "feet_air_time": -0.002409873371361755,
    "flat_orientation_l2": 0.0,
    "dof_pos_limits": 0.0
  },
  "slew_saturation_pct": 0.39093301971326205
}