{
  "num_episodes": 137,
  "mean_episode_return": 7.702615821122253,
  "mean_episode_length_s": 18.082335766423355,
  "success_rate": 0.8759124087591241,
  "failure_rate": 0.12408759124087591,
  "mean_lin_vel_error": 0.6151578280329705,
  "mean_ang_vel_error": 0.5613044990375639,
  "per_term_rewards": {
    "track_lin_vel_xy_exp": 0.30542030090466143,
    "track_ang_vel_z_exp": 0.2097881830111146,
    "lin_vel_z_l2": -0.01448357667479968,
    "ang_vel_xy_l2": -0.01084144286724586,
    "dof_torques_l2": -0.05393631466221996,
    "dof_acc_l2": -0.002703264708976576,
    "action_rate_l2": -0.0020593523544109454,
    "feet_air_time": -0.0015146888254676013,
    "flat_orientation_l2": 0.0,
    "dof_pos_limits": 0.0
  },
  "slew_saturation_pct": 0.27891738559639917
}