{
  "num_episodes": 129,
  "mean_episode_return": 7.993587887564371,
  "mean_episode_length_s": 19.036589147286822,
  "success_rate": 0.9224806201550387,
  "failure_rate": 0.07751937984496124,
  "mean_lin_vel_error": 0.6113144545853137,
  "mean_ang_vel_error": 0.5941684246063232,
  "per_term_rewards": {
    "track_lin_vel_xy_exp": 0.31136316144838927,
    "track_ang_vel_z_exp": 0.1918305714149028,
    "lin_vel_z_l2": -0.012707111654623987,
    "ang_vel_xy_l2": -0.007111540778930248,
    "dof_torques_l2": -0.05014200497115962,
    "dof_acc_l2": -0.0025995216803887046,
    "action_rate_l2": -0.002004484461111431,
    "feet_air_time": -0.0013062501576496287,
    "flat_orientation_l2": 0.0,
    "dof_pos_limits": 0.0
  },
  "slew_saturation_pct": 0.3809793594231888
}