{
  "num_episodes": 139,
  "mean_episode_return": 7.742299037791199,
  "mean_episode_length_s": 17.540575539568344,
  "success_rate": 0.8345323741007195,
  "failure_rate": 0.16546762589928057,
  "mean_lin_vel_error": 0.6017533868402243,
  "mean_ang_vel_error": 0.588278584882617,
  "per_term_rewards": {
    "track_lin_vel_xy_exp": 0.32333273358270526,
    "track_ang_vel_z_exp": 0.19358466977253555,
    "lin_vel_z_l2": -0.015429338020089119,
    "ang_vel_xy_l2": -0.010124528266494962,
    "dof_torques_l2": -0.049596325093414634,
    "dof_acc_l2": -0.002692125417069974,
    "action_rate_l2": -0.002151801049988388,
    "feet_air_time": -0.0013359379075700416,
    "flat_orientation_l2": 0.0,
    "dof_pos_limits": 0.0
  },
  "slew_saturation_pct": 0.2819943267066766
}