{
  "num_episodes": 128,
  "mean_episode_return": 8.169520521652885,
  "mean_episode_length_s": 19.24484375,
  "success_rate": 0.9375,
  "failure_rate": 0.0625,
  "mean_lin_vel_error": 0.6416960241645575,
  "mean_ang_vel_error": 0.5919261362552642,
  "per_term_rewards": {
    "track_lin_vel_xy_exp": 0.2791617365851998,
    "track_ang_vel_z_exp": 0.2280719848703593,
    "lin_vel_z_l2": -0.013176714023885325,
    "ang_vel_xy_l2": -0.01277988794427074,
    "dof_torques_l2": -0.04702386045572348,
    "dof_acc_l2": -0.004622108551895508,
    "action_rate_l2": -0.0040113231971871674,
    "feet_air_time": -0.002169856114021968,
    "flat_orientation_l2": 0.0,
    "dof_pos_limits": 0.0
  },
  "slew_saturation_pct": 0.3348897120113366
}