{
  "num_episodes": 133,
  "mean_episode_return": 8.639397630229928,
  "mean_episode_length_s": 18.687368421052632,
  "success_rate": 0.9022556390977443,
  "failure_rate": 0.09774436090225563,
  "mean_lin_vel_error": 0.6012421254664659,
  "mean_ang_vel_error": 0.5468114938735962,
  "per_term_rewards": {
    "track_lin_vel_xy_exp": 0.3251718717589974,
    "track_ang_vel_z_exp": 0.21620399942621588,
    "lin_vel_z_l2": -0.014124148453368108,
    "ang_vel_xy_l2": -0.008621556809706818,
    "dof_torques_l2": -0.05289143882750068,
    "dof_acc_l2": -0.002272230032672951,
    "action_rate_l2": -0.002400620682734847,
    "feet_air_time": -0.0012592188878916204,
    "flat_orientation_l2": 0.0,
    "dof_pos_limits": 0.0
  },
  "slew_saturation_pct": 0.31195950029173997
}