{
  "num_episodes": 129,
  "mean_episode_return": 8.668658328148746,
  "mean_episode_length_s": 19.687286821705424,
  "success_rate": 0.9767441860465116,
  "failure_rate": 0.023255813953488372,
  "mean_lin_vel_error": 0.6116263627558947,
  "mean_ang_vel_error": 0.5952592199966311,
  "per_term_rewards": {
    "track_lin_vel_xy_exp": 0.30600879999622704,
    "track_ang_vel_z_exp": 0.2158531574960798,
    "lin_vel_z_l2": -0.013803547655106286,
    "ang_vel_xy_l2": -0.01001579477021005,
    "dof_torques_l2": -0.046220747357001525,
    "dof_acc_l2": -0.004217989231192405,
    "action_rate_l2": -0.004009790376618072,
    "feet_air_time": -0.002037829942157259,
    "flat_orientation_l2": 0.0,
    "dof_pos_limits": 0.0
  },
  "slew_saturation_pct": 0.36576852546469923
}