{
  "num_episodes": 128,
  "mean_episode_return": 7.73879864718765,
  "mean_episode_length_s": 19.58828125,
  "success_rate": 0.9765625,
  "failure_rate": 0.0234375,
  "mean_lin_vel_error": 0.618194322258234,
  "mean_ang_vel_error": 0.6832135764360427,
  "per_term_rewards": {
    "track_lin_vel_xy_exp": 0.30312272180244326,
    "track_ang_vel_z_exp": 0.17662968702986837,
    "lin_vel_z_l2": -0.010590672428387734,
    "ang_vel_xy_l2": -0.016366498235489416,
    "dof_torques_l2": -0.04531224575114902,
    "dof_acc_l2": -0.004246310731166886,
    "action_rate_l2": -0.008414378818060281,
    "feet_air_time": -0.002150802934425883,
    "flat_orientation_l2": 0.0,
    "dof_pos_limits": 0.0
  },
  "slew_saturation_pct": 0.7425495696840883
}