{
  "num_episodes": 128,
  "mean_episode_return": 7.689667928672861,
  "mean_episode_length_s": 19.818125000000002,
  "success_rate": 0.984375,
  "failure_rate": 0.015625,
  "mean_lin_vel_error": 0.6087465256601572,
  "mean_ang_vel_error": 0.6401911796703935,
  "per_term_rewards": {
    "track_lin_vel_xy_exp": 0.3090396554209292,
    "track_ang_vel_z_exp": 0.17194700346700847,
    "lin_vel_z_l2": -0.010470355586754295,
    "ang_vel_xy_l2": -0.010246078475770446,
    "dof_torques_l2": -0.061513180537585865,
    "dof_acc_l2": -0.0033605260282170094,
    "action_rate_l2": -0.006378002248135042,
    "feet_air_time": -0.0014151583019993267,
    "flat_orientation_l2": 0.0,
    "dof_pos_limits": 0.0
  },
  "slew_saturation_pct": 0.6726167218888052
}