{
  "num_episodes": 128,
  "mean_episode_return": 8.293979263165966,
  "mean_episode_length_s": 19.342031249999998,
  "success_rate": 0.9375,
  "failure_rate": 0.0625,
  "mean_lin_vel_error": 0.6224211092442274,
  "mean_ang_vel_error": 0.6187311842814088,
  "per_term_rewards": {
    "track_lin_vel_xy_exp": 0.2964411179944873,
    "track_ang_vel_z_exp": 0.22718747176602483,
    "lin_vel_z_l2": -0.018955513071923634,
    "ang_vel_xy_l2": -0.014441741864895448,
    "dof_torques_l2": -0.04928491199412383,
    "dof_acc_l2": -0.005101819518225966,
    "action_rate_l2": -0.005393064393566056,
    "feet_air_time": -0.0025762727044930218,
    "flat_orientation_l2": 0.0,
    "dof_pos_limits": 0.0
  },
  "slew_saturation_pct": 0.37659089251479605
}