{
  "num_episodes": 131,
  "mean_episode_return": 8.12345349669229,
  "mean_episode_length_s": 18.65374045801527,
  "success_rate": 0.8931297709923665,
  "failure_rate": 0.10687022900763359,
  "mean_lin_vel_error": 0.6214975921958685,
  "mean_ang_vel_error": 0.5629439826235175,
  "per_term_rewards": {
    "track_lin_vel_xy_exp": 0.30341763198375704,
    "track_ang_vel_z_exp": 0.21080575282499195,
    "lin_vel_z_l2": -0.014167804053450708,
    "ang_vel_xy_l2": -0.008804902070705794,
    "dof_torques_l2": -0.05048605533479713,
    "dof_acc_l2": -0.002640344781914109,
    "action_rate_l2": -0.0024802842149548947,
    "feet_air_time": -0.0014295328273437916,
    "flat_orientation_l2": 0.0,
    "dof_pos_limits": 0.0
  },
  "slew_saturation_pct": 0.2969056066099862
}