{
  "num_episodes": 134,
  "mean_episode_return": 6.726325320719338,
  "mean_episode_length_s": 18.013582089552237,
  "success_rate": 0.8805970149253731,
  "failure_rate": 0.11940298507462686,
  "mean_lin_vel_error": 0.6149439427703619,
  "mean_ang_vel_error": 0.6628534332513809,
  "per_term_rewards": {
    "track_lin_vel_xy_exp": 0.30609980059042574,
    "track_ang_vel_z_exp": 0.1723002715986222,
    "lin_vel_z_l2": -0.013165560866480519,
    "ang_vel_xy_l2": -0.017856642736798677,
    "dof_torques_l2": -0.0501184763131896,
    "dof_acc_l2": -0.004212347492307344,
    "action_rate_l2": -0.006807300719510404,
    "feet_air_time": -0.002122980050044134,
    "flat_orientation_l2": 0.0,
    "dof_pos_limits": 0.0
  },
  "slew_saturation_pct": 0.7870470221722108
}