{
  "num_episodes": 128,
  "mean_episode_return": 7.83760150638409,
  "mean_episode_length_s": 19.851875,
  "success_rate": 0.9921875,
  "failure_rate": 0.0078125,
  "mean_lin_vel_error": 0.6073187391757965,
  "mean_ang_vel_error": 0.6396184316426515,
  "per_term_rewards": {
    "track_lin_vel_xy_exp": 0.31053341694548725,
    "track_ang_vel_z_exp": 0.17350586159620435,
    "lin_vel_z_l2": -0.009950443056379299,
    "ang_vel_xy_l2": -0.009587392025468489,
    "dof_torques_l2": -0.05718135676457314,
    "dof_acc_l2": -0.00299087542206982,
    "action_rate_l2": -0.006236513541789946,
    "feet_air_time": -0.0015345370438881217,
    "flat_orientation_l2": 0.0,
    "dof_pos_limits": 0.0
  },
  "slew_saturation_pct": 0.6950389941235308
}