{
  "num_episodes": 130,
  "mean_episode_return": 7.828076956363825,
  "mean_episode_length_s": 19.388461538461538,
  "success_rate": 0.9538461538461539,
  "failure_rate": 0.046153846153846156,
  "mean_lin_vel_error": 0.6134567106366158,
  "mean_ang_vel_error": 0.7002092512845993,
  "per_term_rewards": {
    "track_lin_vel_xy_exp": 0.3103659388720989,
    "track_ang_vel_z_exp": 0.17679987983219325,
    "lin_vel_z_l2": -0.010901189808737399,
    "ang_vel_xy_l2": -0.017738608862418914,
    "dof_torques_l2": -0.045365788088063706,
    "dof_acc_l2": -0.0041876463974585935,
    "action_rate_l2": -0.008252166794540841,
    "feet_air_time": -0.0016214359158766456,
    "flat_orientation_l2": 0.0,
    "dof_pos_limits": 0.0
  },
  "slew_saturation_pct": 0.7828643358756368
}