{
  "num_episodes": 139,
  "mean_episode_return": 7.2291887086554825,
  "mean_episode_length_s": 17.280719424460433,
  "success_rate": 0.8129496402877698,
  "failure_rate": 0.18705035971223022,
  "mean_lin_vel_error": 0.6171682630777359,
  "mean_ang_vel_error": 0.5745554131492973,
  "per_term_rewards": {
    "track_lin_vel_xy_exp": 0.29831687560305,
    "track_ang_vel_z_exp": 0.20535914393886923,
    "lin_vel_z_l2": -0.017331861721470176,
    "ang_vel_xy_l2": -0.011080027788040752,
    "dof_torques_l2": -0.04904565370455384,
    "dof_acc_l2": -0.0029536178925879996,
    "action_rate_l2": -0.002867196001851441,
    "feet_air_time": -0.0015042190179228782,
    "flat_orientation_l2": 0.0,
    "dof_pos_limits": 0.0
  },
  "slew_saturation_pct": 0.32964360881887184
}