{
  "num_episodes": 128,
  "mean_episode_return": 8.543852686882019,
  "mean_episode_length_s": 19.61078125,
  "success_rate": 0.9609375,
  "failure_rate": 0.0390625,
  "mean_lin_vel_error": 0.6201119331717491,
  "mean_ang_vel_error": 0.5910523472949862,
  "per_term_rewards": {
    "track_lin_vel_xy_exp": 0.2984740238413215,
    "track_ang_vel_z_exp": 0.22922416617162525,
    "lin_vel_z_l2": -0.013546697903610039,
    "ang_vel_xy_l2": -0.012621625867366674,
    "dof_torques_l2": -0.04708613441756461,
    "dof_acc_l2": -0.004689844442833419,
    "action_rate_l2": -0.00484901256728508,
    "feet_air_time": -0.0023039374666986986,
    "flat_orientation_l2": 0.0,
    "dof_pos_limits": 0.0
  },
  "slew_saturation_pct": 0.3766840147536877
}