{
  "num_episodes": 130,
  "mean_episode_return": 7.9204919417030535,
  "mean_episode_length_s": 18.972153846153848,
  "success_rate": 0.9307692307692308,
  "failure_rate": 0.06923076923076923,
  "mean_lin_vel_error": 0.6310788012892008,
  "mean_ang_vel_error": 0.5819450404420495,
  "per_term_rewards": {
    "track_lin_vel_xy_exp": 0.2935547673515975,
    "track_ang_vel_z_exp": 0.20246401365846395,
    "lin_vel_z_l2": -0.013240321990017548,
    "ang_vel_xy_l2": -0.0072390193578557955,
    "dof_torques_l2": -0.055712757510598745,
    "dof_acc_l2": -0.0022638607590225205,
    "action_rate_l2": -0.0019494124367847063,
    "feet_air_time": -0.0015709395370213314,
    "flat_orientation_l2": 0.0,
    "dof_pos_limits": 0.0
  },
  "slew_saturation_pct": 0.3875135450529295
}