{
  "num_episodes": 136,
  "mean_episode_return": 7.4936294226961975,
  "mean_episode_length_s": 18.076911764705883,
  "success_rate": 0.875,
  "failure_rate": 0.125,
  "mean_lin_vel_error": 0.6229101425558329,
  "mean_ang_vel_error": 0.5749113836884499,
  "per_term_rewards": {
    "track_lin_vel_xy_exp": 0.2973539132140577,
    "track_ang_vel_z_exp": 0.1988861842043698,
    "lin_vel_z_l2": -0.014967622367337981,
    "ang_vel_xy_l2": -0.008407645932442392,
    "dof_torques_l2": -0.05118711526400875,
    "dof_acc_l2": -0.00222053073937127,
    "action_rate_l2": -0.002003590508594476,
    "feet_air_time": -0.0014701564076240175,
    "flat_orientation_l2": 0.0,
    "dof_pos_limits": 0.0
  },
  "slew_saturation_pct": 0.30092874781195406
}