{
  "num_episodes": 130,
  "mean_episode_return": 8.08609846005073,
  "mean_episode_length_s": 19.19369230769231,
  "success_rate": 0.9384615384615385,
  "failure_rate": 0.06153846153846154,
  "mean_lin_vel_error": 0.6315500721186399,
  "mean_ang_vel_error": 0.6067473051995039,
  "per_term_rewards": {
    "track_lin_vel_xy_exp": 0.2946020545437932,
    "track_ang_vel_z_exp": 0.20761802117526532,
    "lin_vel_z_l2": -0.013635530990565258,
    "ang_vel_xy_l2": -0.010952874984686787,
    "dof_torques_l2": -0.045287459952640344,
    "dof_acc_l2": -0.0037767567391338163,
    "action_rate_l2": -0.0034965891603958416,
    "feet_air_time": -0.001983140262251254,
    "flat_orientation_l2": 0.0,
    "dof_pos_limits": 0.0
  },
  "slew_saturation_pct": 0.3585531799616567
}