{
  "num_episodes": 131,
  "mean_episode_return": 8.09597988005813,
  "mean_episode_length_s": 18.37206106870229,
  "success_rate": 0.8702290076335878,
  "failure_rate": 0.1297709923664122,
  "mean_lin_vel_error": 0.6015279278680682,
  "mean_ang_vel_error": 0.6152721030712127,
  "per_term_rewards": {
    "track_lin_vel_xy_exp": 0.3193153494521975,
    "track_ang_vel_z_exp": 0.2211925074979663,
    "lin_vel_z_l2": -0.01743371666585517,
    "ang_vel_xy_l2": -0.0156612956495228,
    "dof_torques_l2": -0.048724992681411096,
    "dof_acc_l2": -0.005192278913978953,
    "action_rate_l2": -0.005017945019626385,
    "feet_air_time": -0.0026853376186918468,
    "flat_orientation_l2": 0.0,
    "dof_pos_limits": 0.0
  },
  "slew_saturation_pct": 0.4192278538384587
}