{
  "num_episodes": 133,
  "mean_episode_return": 8.159624771684184,
  "mean_episode_length_s": 18.361804511278194,
  "success_rate": 0.8796992481203008,
  "failure_rate": 0.12030075187969924,
  "mean_lin_vel_error": 0.6069072424173355,
  "mean_ang_vel_error": 0.5664963945299387,
  "per_term_rewards": {
    "track_lin_vel_xy_exp": 0.3157757427804172,
    "track_ang_vel_z_exp": 0.20833959964103996,
    "lin_vel_z_l2": -0.01603081152975966,
    "ang_vel_xy_l2": -0.008571409204410884,
    "dof_torques_l2": -0.04978419881896116,
    "dof_acc_l2": -0.002644280596542217,
    "action_rate_l2": -0.0024966385109258878,
    "feet_air_time": -0.001346250193193555,
    "flat_orientation_l2": 0.0,
    "dof_pos_limits": 0.0
  },
  "slew_saturation_pct": 0.33731479744936127
}