{
  "num_episodes": 128,
  "mean_episode_return": 8.978809379274026,
  "mean_episode_length_s": 19.71390625,
  "success_rate": 0.9765625,
  "failure_rate": 0.0234375,
  "mean_lin_vel_error": 0.5986481624692679,
  "mean_ang_vel_error": 0.6106436255648732,
  "per_term_rewards": {
    "track_lin_vel_xy_exp": 0.327429661013186,
    "track_ang_vel_z_exp": 0.20653486848250033,
    "lin_vel_z_l2": -0.012791887781087552,
    "ang_vel_xy_l2": -0.00931230805964242,
    "dof_torques_l2": -0.04392706660798285,
    "dof_acc_l2": -0.0036789442322694866,
    "action_rate_l2": -0.004121641868990979,
    "feet_air_time": -0.0020579803036525845,
    "flat_orientation_l2": 0.0,
    "dof_pos_limits": 0.0
  },
  "slew_saturation_pct": 0.39640704446945185
}