{
  "num_episodes": 128,
  "mean_episode_return": 9.072514705825597,
  "mean_episode_length_s": 19.18953125,
  "success_rate": 0.9140625,
  "failure_rate": 0.0859375,
  "mean_lin_vel_error": 0.6074499943703413,
  "mean_ang_vel_error": 0.5851732313111424,
  "per_term_rewards": {
    "track_lin_vel_xy_exp": 0.31740248258411885,
    "track_ang_vel_z_exp": 0.24148441317211836,
    "lin_vel_z_l2": -0.014880785820194432,
    "ang_vel_xy_l2": -0.013279379721905571,
    "dof_torques_l2": -0.04794333143695258,
    "dof_acc_l2": -0.004318086613955529,
    "action_rate_l2": -0.00479384350374066,
    "feet_air_time": -0.001992987184028607,
    "flat_orientation_l2": 0.0,
    "dof_pos_limits": 0.0
  },
  "slew_saturation_pct": 0.44278778027840343
}