{
  "num_episodes": 148,
  "mean_episode_return": 6.569585945394293,
  "mean_episode_length_s": 16.589324324324327,
  "success_rate": 0.7702702702702703,
  "failure_rate": 0.22972972972972974,
  "mean_lin_vel_error": 0.6100502628087997,
  "mean_ang_vel_error": 0.6102625361308456,
  "per_term_rewards": {
    "track_lin_vel_xy_exp": 0.3105764395184815,
    "track_ang_vel_z_exp": 0.1816125610768795,
    "lin_vel_z_l2": -0.019005328560483037,
    "ang_vel_xy_l2": -0.012244747063234172,
    "dof_torques_l2": -0.053895415399922056,
    "dof_acc_l2": -0.002993879282740636,
    "action_rate_l2": -0.0022771673872585556,
    "feet_air_time": -0.0013528126320452429,
    "flat_orientation_l2": 0.0,
    "dof_pos_limits": 0.0
  },
  "slew_saturation_pct": 0.42047035196299126
}