{
  "num_episodes": 129,
  "mean_episode_return": 9.062800789064216,
  "mean_episode_length_s": 19.509302325581395,
  "success_rate": 0.9534883720930233,
  "failure_rate": 0.046511627906976744,
  "mean_lin_vel_error": 0.6204916538596154,
  "mean_ang_vel_error": 0.5686937367618083,
  "per_term_rewards": {
    "track_lin_vel_xy_exp": 0.30255724127963185,
    "track_ang_vel_z_exp": 0.24295134164299817,
    "lin_vel_z_l2": -0.013468335584137094,
    "ang_vel_xy_l2": -0.011734426004069974,
    "dof_torques_l2": -0.046687472899211574,
    "dof_acc_l2": -0.00438964555160419,
    "action_rate_l2": -0.004096007584367861,
    "feet_air_time": -0.0024258008098986465,
    "flat_orientation_l2": 0.0,
    "dof_pos_limits": 0.0
  },
  "slew_saturation_pct": 0.3006598003667571
}