{
  "num_episodes": 133,
  "mean_episode_return": 6.942212836186688,
  "mean_episode_length_s": 17.904812030075185,
  "success_rate": 0.8721804511278195,
  "failure_rate": 0.12781954887218044,
  "mean_lin_vel_error": 0.6304763065427542,
  "mean_ang_vel_error": 0.6755025969520211,
  "per_term_rewards": {
    "track_lin_vel_xy_exp": 0.29801381443440916,
    "track_ang_vel_z_exp": 0.17748182840179652,
    "lin_vel_z_l2": -0.013508199196603527,
    "ang_vel_xy_l2": -0.019542930580748363,
    "dof_torques_l2": -0.04591006220394047,
    "dof_acc_l2": -0.005190453760589662,
    "action_rate_l2": -0.008090304034304949,
    "feet_air_time": -0.0025139207646716387,
    "flat_orientation_l2": 0.0,
    "dof_pos_limits": 0.0
  },
  "slew_saturation_pct": 0.7586030622238888
}