{
  "num_episodes": 128,
  "mean_episode_return": 8.717439942527562,
  "mean_episode_length_s": 19.509218750000002,
  "success_rate": 0.96875,
  "failure_rate": 0.03125,
  "mean_lin_vel_error": 0.6161271221339703,
  "mean_ang_vel_error": 0.611089650541544,
  "per_term_rewards": {
    "track_lin_vel_xy_exp": 0.31125569240003825,
    "track_ang_vel_z_exp": 0.2230625475551933,
    "lin_vel_z_l2": -0.013901722058239101,
    "ang_vel_xy_l2": -0.014026184569447651,
    "dof_torques_l2": -0.048116483223740944,
    "dof_acc_l2": -0.0046592766085123,
    "action_rate_l2": -0.004896770055351857,
    "feet_air_time": -0.0022556576618226244,
    "flat_orientation_l2": 0.0,
    "dof_pos_limits": 0.0
  },
  "slew_saturation_pct": 0.31679143744269406
}