{
  "num_episodes": 128,
  "mean_episode_return": 9.141408403287642,
  "mean_episode_length_s": 18.9059375,
  "success_rate": 0.9296875,
  "failure_rate": 0.0703125,
  "mean_lin_vel_error": 0.5861710584014654,
  "mean_ang_vel_error": 0.5954934197813272,
  "per_term_rewards": {
    "track_lin_vel_xy_exp": 0.3446263708472252,
    "track_ang_vel_z_exp": 0.21400622347742318,
    "lin_vel_z_l2": -0.013704085915117502,
    "ang_vel_xy_l2": -0.011243426357988938,
    "dof_torques_l2": -0.044558832575916314,
    "dof_acc_l2": -0.003966174651759502,
    "action_rate_l2": -0.0032394537997621443,
    "feet_air_time": -0.0024117297794145997,
    "flat_orientation_l2": 0.0,
    "dof_pos_limits": 0.0
  },
  "slew_saturation_pct": 0.35263242894056873
}