{
  "num_episodes": 133,
  "mean_episode_return": 7.008938386812246,
  "mean_episode_length_s": 18.253984962406015,
  "success_rate": 0.8796992481203008,
  "failure_rate": 0.12030075187969924,
  "mean_lin_vel_error": 0.6410032087564468,
  "mean_ang_vel_error": 0.58135810059309,
  "per_term_rewards": {
    "track_lin_vel_xy_exp": 0.27684652603045107,
    "track_ang_vel_z_exp": 0.19707212352193892,
    "lin_vel_z_l2": -0.014558702629543233,
    "ang_vel_xy_l2": -0.00915838153295408,
    "dof_torques_l2": -0.05127180982124992,
    "dof_acc_l2": -0.002503181097210188,
    "action_rate_l2": -0.0022197723880662706,
    "feet_air_time": -0.001537812758120708,
    "flat_orientation_l2": 0.0,
    "dof_pos_limits": 0.0
  },
  "slew_saturation_pct": 0.32887648995582186
}