{
  "num_episodes": 130,
  "mean_episode_return": 7.616310707766276,
  "mean_episode_length_s": 18.82246153846154,
  "success_rate": 0.9076923076923077,
  "failure_rate": 0.09230769230769231,
  "mean_lin_vel_error": 0.6480353343337775,
  "mean_ang_vel_error": 0.5956481175050139,
  "per_term_rewards": {
    "track_lin_vel_xy_exp": 0.2734566823579371,
    "track_ang_vel_z_exp": 0.2222771540302783,
    "lin_vel_z_l2": -0.01650698916656438,
    "ang_vel_xy_l2": -0.013864413564559072,
    "dof_torques_l2": -0.04642541356035508,
    "dof_acc_l2": -0.004986008418301936,
    "action_rate_l2": -0.004791752430588148,
    "feet_air_time": -0.002428142675111303,
    "flat_orientation_l2": 0.0,
    "dof_pos_limits": 0.0
  },
  "slew_saturation_pct": 0.3916766952154701
}