{
  "num_episodes": 130,
  "mean_episode_return": 8.214568819220249,
  "mean_episode_length_s": 19.288307692307693,
  "success_rate": 0.9461538461538461,
  "failure_rate": 0.05384615384615385,
  "mean_lin_vel_error": 0.628734266474843,
  "mean_ang_vel_error": 0.6046251232847571,
  "per_term_rewards": {
    "track_lin_vel_xy_exp": 0.2982183981873095,
    "track_ang_vel_z_exp": 0.20646757106110453,
    "lin_vel_z_l2": -0.013568035739180914,
    "ang_vel_xy_l2": -0.009550887047817013,
    "dof_torques_l2": -0.044325494676828385,
    "dof_acc_l2": -0.00402922873971238,
    "action_rate_l2": -0.003524720756516067,
    "feet_air_time": -0.0022976613788341636,
    "flat_orientation_l2": 0.0,
    "dof_pos_limits": 0.0
  },
  "slew_saturation_pct": 0.36951881199466563
}