{
  "num_episodes": 130,
  "mean_episode_return": 7.699689067957493,
  "mean_episode_length_s": 19.008,
  "success_rate": 0.9230769230769231,
  "failure_rate": 0.07692307692307693,
  "mean_lin_vel_error": 0.6297084262669086,
  "mean_ang_vel_error": 0.586275743752718,
  "per_term_rewards": {
    "track_lin_vel_xy_exp": 0.29022328907623884,
    "track_ang_vel_z_exp": 0.19462323602475226,
    "lin_vel_z_l2": -0.013081710407862601,
    "ang_vel_xy_l2": -0.00763369536285245,
    "dof_torques_l2": -0.05047478523128666,
    "dof_acc_l2": -0.0026357557855930624,
    "action_rate_l2": -0.0021562816315154163,
    "feet_air_time": -0.0013890628069639205,
    "flat_orientation_l2": 0.0,
    "dof_pos_limits": 0.0
  },
  "slew_saturation_pct": 0.334290603900975
}