{
  "num_episodes": 130,
  "mean_episode_return": 7.343357018861346,
  "mean_episode_length_s": 18.50292307692308,
  "success_rate": 0.9,
  "failure_rate": 0.1,
  "mean_lin_vel_error": 0.6103550245016813,
  "mean_ang_vel_error": 0.6327761576920747,
  "per_term_rewards": {
    "track_lin_vel_xy_exp": 0.3170474578849971,
    "track_ang_vel_z_exp": 0.17334474026970564,
    "lin_vel_z_l2": -0.014439187313202524,
    "ang_vel_xy_l2": -0.009274691610598892,
    "dof_torques_l2": -0.06528776840586216,
    "dof_acc_l2": -0.002617431652200594,
    "action_rate_l2": -0.001733002844270636,
    "feet_air_time": -0.0012351572620682419,
    "flat_orientation_l2": 0.0,
    "dof_pos_limits": 0.0
  },
  "slew_saturation_pct": 0.5052421959656588
}