{
  "num_episodes": 128,
  "mean_episode_return": 8.304663812974468,
  "mean_episode_length_s": 19.46859375,
  "success_rate": 0.9609375,
  "failure_rate": 0.0390625,
  "mean_lin_vel_error": 0.6314941688627005,
  "mean_ang_vel_error": 0.5786759999766946,
  "per_term_rewards": {
    "track_lin_vel_xy_exp": 0.29450728768482803,
    "track_ang_vel_z_exp": 0.22044694348145277,
    "lin_vel_z_l2": -0.012903416648009624,
    "ang_vel_xy_l2": -0.009839288959930855,
    "dof_torques_l2": -0.057367980602197347,
    "dof_acc_l2": -0.003795661840033972,
    "action_rate_l2": -0.0027735505266706616,
    "feet_air_time": -0.0018731411644839682,
    "flat_orientation_l2": 0.0,
    "dof_pos_limits": 0.0
  },
  "slew_saturation_pct": 0.49994204280236715
}