{
  "num_episodes": 130,
  "mean_episode_return": 7.79650320903613,
  "mean_episode_length_s": 18.44707692307692,
  "success_rate": 0.8846153846153846,
  "failure_rate": 0.11538461538461539,
  "mean_lin_vel_error": 0.6443757106512785,
  "mean_ang_vel_error": 0.5703473238274455,
  "per_term_rewards": {
    "track_lin_vel_xy_exp": 0.2797437571696937,
    "track_ang_vel_z_exp": 0.2327694806251675,
    "lin_vel_z_l2": -0.018949916795278115,
    "ang_vel_xy_l2": -0.01441923159835278,
    "dof_torques_l2": -0.04533577004307881,
    "dof_acc_l2": -0.005443438350095676,
    "action_rate_l2": -0.004952226957395265,
    "feet_air_time": -0.0026306481251958756,
    "flat_orientation_l2": 0.0,
    "dof_pos_limits": 0.0
  },
  "slew_saturation_pct": 0.3424247989080599
}