{
  "num_episodes": 130,
  "mean_episode_return": 8.34130993416676,
  "mean_episode_length_s": 18.639692307692307,
  "success_rate": 0.9076923076923077,
  "failure_rate": 0.09230769230769231,
  "mean_lin_vel_error": 0.6087781394571066,
  "mean_ang_vel_error": 0.5547551885545253,
  "per_term_rewards": {
    "track_lin_vel_xy_exp": 0.31237480279058216,
    "track_ang_vel_z_exp": 0.21432170082628726,
    "lin_vel_z_l2": -0.013825515296993331,
    "ang_vel_xy_l2": -0.00943844053497014,
    "dof_torques_l2": -0.04898908282467164,
    "dof_acc_l2": -0.002776495096119561,
    "action_rate_l2": -0.003018332398020284,
    "feet_air_time": -0.0016903144775424152,
    "flat_orientation_l2": 0.0,
    "dof_pos_limits": 0.0
  },
  "slew_saturation_pct": 0.29851994248562186
}