{
  "num_episodes": 129,
  "mean_episode_return": 8.306926294814708,
  "mean_episode_length_s": 19.3953488372093,
  "success_rate": 0.937984496124031,
  "failure_rate": 0.06201550387596899,
  "mean_lin_vel_error": 0.635924531146884,
  "mean_ang_vel_error": 0.5939397443011403,
  "per_term_rewards": {
    "track_lin_vel_xy_exp": 0.28278788827732204,
    "track_ang_vel_z_exp": 0.23546012881956996,
    "lin_vel_z_l2": -0.017826750294429074,
    "ang_vel_xy_l2": -0.0129418940499163,
    "dof_torques_l2": -0.04664133095322177,
    "dof_acc_l2": -0.005347186822327785,
    "action_rate_l2": -0.005778581720418324,
    "feet_air_time": -0.002447521129332017,
    "flat_orientation_l2": 0.0,
    "dof_pos_limits": 0.0
  },
  "slew_saturation_pct": 0.3841578884304412
}