{
  "num_episodes": 128,
  "mean_episode_return": 7.369373374327552,
  "mean_episode_length_s": 20.0,
  "success_rate": 1.0,
  "failure_rate": 0.0,
  "mean_lin_vel_error": 0.6099877321124076,
  "mean_ang_vel_error": 0.6699916378706694,
  "per_term_rewards": {
    "track_lin_vel_xy_exp": 0.30536951452493666,
    "track_ang_vel_z_exp": 0.15255170892737807,
    "lin_vel_z_l2": -0.008122050460226092,
    "ang_vel_xy_l2": -0.007275262974281759,
    "dof_torques_l2": -0.06792232111739577,
    "dof_acc_l2": -0.002374281596398987,
    "action_rate_l2": -0.0031242715317185477,
    "feet_air_time": -0.0006343751262174919,
    "flat_orientation_l2": 0.0,
    "dof_pos_limits": 0.0
  },
  "slew_saturation_pct": 0.7818452008835539
}