{
  "num_episodes": 133,
  "mean_episode_return": 7.957220963965681,
  "mean_episode_length_s": 18.929022556390976,
  "success_rate": 0.9323308270676691,
  "failure_rate": 0.06766917293233082,
  "mean_lin_vel_error": 0.5963143215179444,
  "mean_ang_vel_error": 0.6710376437604427,
  "per_term_rewards": {
    "track_lin_vel_xy_exp": 0.3260985468886793,
    "track_ang_vel_z_exp": 0.1750985419563949,
    "lin_vel_z_l2": -0.010640034078305233,
    "ang_vel_xy_l2": -0.014537327024238038,
    "dof_torques_l2": -0.04674146282035508,
    "dof_acc_l2": -0.0036382840394844607,
    "action_rate_l2": -0.005307193257562914,
    "feet_air_time": -0.001466570244403556,
    "flat_orientation_l2": 0.0,
    "dof_pos_limits": 0.0
  },
  "slew_saturation_pct": 0.7864954519879965
}